insert into administra
values
    (54982, 05027479943),
    (38920, 05027479943),
    (31018, 05027479943),
    (01940, 05027479943),
    (21048, 05027479943),
    (99178, 05027479943),
    (00102, 05027479943),
    (38540, 05027479943),
    (39230, 05027479943),
    (18450, 05027479943),
    (18133, 05027479943),
    (68545, 05027479943),
    (21803, 05027479943),
    (10384, 05027479943),
    (10485, 05027479943),
    (17032, 05027479943),
    (10472, 05027479943),
    (19372, 05027479943),
    (18492, 05027479943),
    (10740, 05027479943),
    (00182, 05027479943),
    (09270, 05027479943),
    (00012, 05027479943),
    (19047, 05027479943),
    (19730, 05027479943),
    (27093, 05027479943),
    (54982, 28903748934),
    (38920, 28903748934),
    (31018, 28903748934),
    (01940, 28903748934),
    (21048, 28903748934),
    (99178, 28903748934),
    (00102, 28903748934),
    (38540, 28903748934),
    (39230, 28903748934),
    (18450, 28903748934),
    (18133, 28903748934),
    (68545, 28903748934),
    (21803, 28903748934),
    (10384, 28903748934),
    (10485, 28903748934),
    (17032, 28903748934),
    (10472, 28903748934),
    (19372, 28903748934),
    (18492, 28903748934),
    (10740, 28903748934),
    (00182, 28903748934),
    (09270, 28903748934),
    (00012, 28903748934),
    (19047, 28903748934),
    (19730, 28903748934),
    (27093, 28903748934),
    (54982, 90823749837),
    (38920, 90823749837),
    (31018, 90823749837),
    (01940, 90823749837),
    (21048, 90823749837),
    (99178, 90823749837),
    (00102, 90823749837),
    (38540, 90823749837),
    (39230, 90823749837),
    (18450, 90823749837),
    (18133, 90823749837),
    (68545, 90823749837),
    (21803, 90823749837),
    (10384, 90823749837),
    (10485, 90823749837),
    (17032, 90823749837),
    (10472, 90823749837),
    (19372, 90823749837),
    (18492, 90823749837),
    (10740, 90823749837),
    (00182, 90823749837),
    (09270, 90823749837),
    (00012, 90823749837),
    (19047, 90823749837),
    (19730, 90823749837),
    (27093, 90823749837),
    (54982, 26484032674),
    (38920, 26484032674),
    (31018, 26484032674),
    (01940, 26484032674),
    (21048, 26484032674),
    (99178, 26484032674),
    (00102, 26484032674),
    (38540, 26484032674),
    (39230, 26484032674),
    (18450, 26484032674),
    (18133, 26484032674),
    (68545, 26484032674),
    (21803, 26484032674),
    (10384, 26484032674),
    (10485, 26484032674),
    (17032, 26484032674),
    (10472, 38907430293),
    (19372, 38907430293),
    (18492, 38907430293),
    (10740, 38907430293),
    (00182, 38907430293),
    (09270, 38907430293),
    (00012, 38907430293),
    (19047, 38907430293),
    (19730, 38907430293),
    (27093, 38907430293);


insert into cliente
values 
	(05027479943, 'Gabriel Zambelli', 'rua piva 123'	, 912345678, 'gzs@gmail.com'		, 'gabrielZ'	, '#ForaJohan'		),
	(26484032674, 'João Degelo'		, 'rua traipu 456'	, 987654321, 'jdg@usp.br'			, 'jaoPerfeito'	, '#FPGA'			),
	(04782034793, 'Pedro de Santi'	, 'av pompeia 789'	, 912344321, 'pedro@hotmail.com.br'	, 'pedroDoRole'	, 'HojeANoiteEuVou'	),
	(38907430293, 'Vinicius Lopes'	, 'av jbl 3100'		, 957894578, 'vinicius13@yahoo.com.br', 'ViniDoSohuer', 'souMtoPerfeito'	),
	(93240957389, 'Hugh Gicohc'		, 'rua matao 0'		, 928766789, 'hgpt@outlook.com.br'	, 'HGK8080'		, 'heyheyImhere'	),
	(73925098732, 'Amon Gus'		, 'beco do batman 0', 987346589, 'gusamon@gmail.com.br'	, 'GusAmon30'	, '5U5amogus'		),
	(23784980234, 'Paul Atejan'		, 'av jabaquara 30'	, 987546769, 'pajero1983@usp.br'	, 'peterPK'		, 'parkerMeuHeroi'	),
	(72893490875, 'Tomas'			, 'av pres juscelino 57', 932324589, 'tmz@vhdl.com.br'	, 'Thomax2'		, 'toto3030'		),
	(28903748934, 'Jorge Rady', 'nos nossos corações', 40028922, 'oMelhor@Professor.com.br', 'jorgerady', 'Jorge'),
	(90823749837, 'Pedrao'			, 'rua cataguases 82', 912738940, 'pedro@pedro.com'		, 'pedro'		, 'pedro1'			);
	
insert into funcionario
values 
	(05027479943, 'Gabriel'	, 'rua piva 123'	, 912345678, 'gzs@gmail.com'			, 'gabriel', '#gabriel', 'recepcionista'),
	(26484032674, 'Jao'		, 'rua traipu 456'	, 87654321, 'jdg@usp.br'				, 'jao', 'jaojaojao', 'lavador'),
    (38907430293, 'Vinicius', 'av jbl 3100'		, 98766789, 'vinicius13@yahoo.com.br', 'Vini', '1234', 'lavador'),
	(28903748934, 'Jorge Rady', 'nos nossos corações', 40028922, 'oMelhor@Professor.com.br', 'JorgeS2', 'profPerfeito', 'admin'),
    (90823749837, 'Pedrao'	, 'rua cataguases 82', 12344322, 'pedro@pedro.com'			, 'pedro', 'pedro3', 'secador');
	
insert into Item
values
    (1, 10485, 1, 'concluido'),
    (2, 10485, 1, 'secando'),
    (3, 10485, 1, 'lavando'),
    (3, 10485, 2, 'lavando'),
    (4, 10485, 1, 'pronto'),
    (5, 10485, 1, 'lavando'),
    (6, 10485, 1, 'concluido'),
    (6, 10485, 2, 'lavando'),
    (7, 54982, 1, 'concluido'),
    (8, 54982, 1, 'lavando'),
    (9, 38920, 1, 'concluido'),
    (1, 31018, 2, 'concluido'),
    (2, 31018, 1, 'secando'),
    (3, 31018, 1, 'lavando'),
    (3, 31018, 1, 'lavando'),
    (6, 01940, 1, 'concluido'),
    (6, 21048, 2, 'lavando'),
    (7, 99178, 1, 'concluido'),
    (8, 38540, 1, 'lavando'),
    (9, 00102, 1, 'concluido'),
    (1, 39230, 1, 'concluido'),
    (2, 18450, 1, 'secando'),
    (3, 18450, 2, 'lavando'),
    (3, 21803, 1, 'lavando'),
    (4, 18133, 1, 'pronto'),
    (5, 21803, 1, 'lavando'),
    (6, 68545, 1, 'concluido'),
    (6, 19372, 2, 'lavando'),
    (7, 10384, 1, 'concluido'),
    (8, 19372, 1, 'lavando'),
    (9, 10384, 1, 'concluido'),
    (1, 17032, 1, 'concluido'),
    (2, 10740, 1, 'secando'),
    (4, 10740, 1, 'pronto'),
    (5, 10740, 1, 'lavando'),
    (6, 00182, 1, 'concluido'),
    (6, 00012, 1, 'lavando'),
    (9, 00182, 1, 'concluido'),
    (1, 00012, 1, 'concluido'),
    (2, 00012, 1, 'secando'),
    (4, 09270, 1, 'pronto'),
    (5, 19730, 1, 'lavando'),
    (7, 19730, 1, 'concluido'),
    (8, 19730, 1, 'lavando'),
    (9, 10485, 1, 'concluido'),
    (1, 10485, 1, 'concluido'),
    (2, 19730, 1, 'secando'),
    (1, 27093, 1, 'concluido'),
    (2, 27093, 1, 'secando'),
    (1, 66666, 2, 'lavando'),
    (1, 66666, 1, 'lavando'),
    (2, 66666, 1, 'lavando'),
    (3, 66666, 1, 'lavando'),
    (4, 66666, 3, 'lavando'),
    (5, 66666, 1, 'lavando'),
    (6, 66666, 1, 'lavando'),
    (7, 66666, 2, 'lavando'),
    (8, 66666, 1, 'lavando'),
    (9, 66666, 5, 'lavando'),
    (10, 66666, 1, 'lavando'),
    (11, 66666, 1, 'lavando');

    
insert into roupas
values
    (1, 'Camiseta'),
    (2, 'Camisa'),
    (3, 'Calca'),
    (4, 'Bermuda'),
    (5, 'Shorts'),
    (6, 'Cueca'),
    (7, 'Calcinha'),
    (8, 'Meia'),
    (9, 'Moletom'),
    (10, 'Luvas'),
    (11, 'Gorro');


insert into pedido
values
	(54982, 05027479943, '2022-03-17', 'concluido'),
    (38920, 38907430293, '2021-03-26', 'pronto'),
    (31018, 04782034793, '2021-04-04', 'lavando'),
    (01940, 93240957389, '2022-04-01', 'pronto'),
    (21048, 26484032674, '2019-11-30', 'lavando'),
    (99178, 26484032674, '2021-03-28', 'concluido'),
    (00102, 72893490875, '2022-12-06', 'pronto'),
    (38540, 05027479943, '2020-04-16', 'lavando'),
    (39230, 93240957389, '2020-05-22', 'pronto'),
    (18450, 04782034793, '2018-12-30', 'lavando'),
    (68545, 28903748934, '2023-03-24', 'pronto'),
    (21803, 26484032674, '2020-07-17', 'lavando'),
    (10384, 28903748934, '2021-04-22', 'pronto'),
    (10485, 05027479943, '2017-12-07', 'lavando'),
    (17032, 73925098732, '2020-03-02', 'concluido'),
    (19372, 38907430293, '2022-06-11', 'lavando'),
    (18492, 28903748934, '2020-06-30', 'pronto'),
    (10740, 38907430293, '2021-12-21', 'lavando'),
    (00182, 28903748934, '2020-01-16', 'concluido'),
    (00012, 05027479943, '2022-04-02', 'lavando'),
    (19047, 23784980234, '2022-10-30', 'pronto'),
    (19730, 04782034793, '2021-12-29', 'lavando'),
    (27093, 23784980234, '2019-11-16', 'secando'),
    (66666, 90823749837, '2022-04-14', 'lavando');

insert into TipoLavagem
values
	(1, 'lavagem normal', 6.00, 1),
	(2, 'lavagem a seco', 10.00, 2),
    (3, 'lavagem sem lavar', 999.99, 15),
    (4, 'hidratacao', 1.00, 3),
    (5, 'so no paninho', 123.94, 83);
